text,source,doc_hash_id,filename,file_type,folder,doc_char_count,doc_word_count,ingested_at,category,language
"Norway is a Scandinavian country located in Northern Europe, known for its dramatic landscapes and high quality of life. 
It has a population of around 5.5 million people and a capital city called Oslo. 
The country is famous for its fjords, mountains, and northern lights, which attract visitors from all over the world.

Norway consistently ranks high in global happiness and human development indexes. 
It has a strong welfare system, free education, and universal healthcare. 
The official language is Norwegian, and the country has two written forms: BokmÃ¥l and Nynorsk.

Fishing, shipping, and energy production are key industries. 
Norway is also one of the world's largest exporters of oil and gas. 
Despite its wealth, it is committed to sustainability and renewable energy development.",documents\norway_facts.txt,8106bcb4bb84ca02dd797d61f0e09ae2,norway_facts.txt,.txt,documents,796,123,1774955419,Norway,en
"Norway is full of interesting and fun facts that make it unique.
For example, it is home to some of the longest and deepest fjords in the world, carved by glaciers
thousands of years ago.
The country also experiences the Midnight Sun in summer, where the sun does not set for weeks in
the northern regions.
Norwegians have a strong outdoor culture and enjoy activities like hiking, skiing, and camping.
There is even a concept called ""friluftsliv,"" which means open-air living.
Additionally, Norway has one of the world’s largest sovereign wealth funds, built from its oil
revenues.
Another fun fact is that Norwegians consume a lot of frozen pizza, making it surprisingly popular.
The country is also known for its trolls in folklore, which are mythical creatures featured in many
traditional stories.",documents\norway_fun_facts.pdf,12757987f740b484a9ff5e97e95b0358,norway_fun_facts.pdf,.pdf,documents,802,132,1774955419,Norway,en
"Norway’s population is relatively small compared to its large geographic area, with about 5.5 million
residents.
Most people live in urban areas, particularly around Oslo, Bergen, and Trondheim, while large parts
of the country remain sparsely populated.
The population is known for its high life expectancy, which is among the highest in the world.
Norway also has a low population density, meaning there is a lot of space per person.
Immigration has contributed to increased diversity in recent decades, with people from many
different cultural backgrounds settling in the country.
Education levels are high, and literacy rates are nearly universal.
The population benefits from a strong welfare system that supports healthcare, education, and
social security, contributing to a high standard of living.",documents\norway_population.pdf,a85a7b772c14f8bd1a6c5f1c4cd4a9d6,norway_population.pdf,.pdf,documents,805,122,1774955419,Norway,en
"The Heart of Norway – Culture, Folklore, and Modern Life

The Philosophy of Friluftsliv and Outdoor Culture

Norway is a nation defined by its relationship with the rugged outdoors. Central to the Norwegian identity is the concept of ""friluftsliv"" (pronounced free-loofts-leev). Translated literally as ""open-air living,"" the term was popularized by the famous playwright Henrik Ibsen in the 1850s. It represents a deep-seated cultural philosophy that emphasizes returning to nature to find spiritual and physical well-being.

This is not just a hobby; it is a way of life supported by the legal principle of Allemannsretten (the Right of Public Access). This traditional right allows anyone to hike, camp, and forage for berries or mushrooms on uncultivated land, regardless of ownership. Whether it is ""Sunday trips"" (søndagstur) to a local forest or week-long treks through the Jotunheimen mountains, Norwegians prioritize time in the wilderness regardless of the weather, often citing the national proverb: ""Det finnes ikke dårlig vær, bare dårlige klær"" (There is no such thing as bad weather, only bad clothes).

Natural Wonders: Fjords and the Midnight Sun

The physical stage for this outdoor culture is one of the most dramatic in the world. Norway's coastline is serrated by over 1,100 fjords. The Sognefjord is the king of them all, stretching 205 kilometers inland and reaching depths of 1,308 meters. These natural cathedrals were carved by retreating glaciers over millions of years and are now UNESCO World Heritage sites.

In the northern regions, the tilt of the Earth creates the phenomenon of the Midnight Sun. North of the Arctic Circle, in places like Tromsø or the North Cape, the sun stays above the horizon for up to 76 days during the summer. This constant daylight leads to a surge of energy in the population, with people mowing their lawns or going for hikes at 2:00 AM. Conversely, the winter brings the Polar Night, where the sun never rises, providing the perfect dark canvas for the flickering green and violet ribbons of the Northern Lights.

Folklore and the Legend of Trolls

Before modern science explained the fjords and mountains, Norwegians turned to folklore. Trolls are the most iconic figures in Norwegian mythology. Described as shy, often dim-witted, and occasionally dangerous creatures that live in caves or deep forests, they are said to turn to stone if exposed to sunlight. This legend explains the many unusually shaped rock formations found across the country, such as Trolltunga (The Troll’s Tongue) and Trollstigen (The Troll’s Path). These mythical beings remain a massive part of the cultural fabric, appearing in everything from the classical music of Edvard Grieg to modern cinema.

Surprising Modern Traditions: The Frozen Pizza Phenomenon

While Norway has a rich culinary tradition of seafood and game, one of the most surprising modern facts is the nation’s obsession with Grandiosa frozen pizza. Since its launch in 1980, it has become an unofficial national dish. Norwegians consume approximately 47 million frozen pizzas every year—nearly nine per person. On Christmas Eve, it is estimated that hundreds of thousands of Norwegians choose a ""Grandis"" over traditional ribs or cod, cementing its place in modern cultural history.

Economic Stewardship: The Sovereign Wealth Fund

Norway’s unique position in the world is also defined by its fiscal discipline. Since the discovery of oil in the North Sea, the country has not simply spent its riches. Instead, it established the Government Pension Fund Global. This ""Oil Fund"" is one of the world's largest sovereign wealth funds, owning roughly 1.5% of all shares in world-listed companies. The fund is designed to ensure that when the oil eventually runs out, the wealth generated from it will continue to fund the Norwegian welfare state for generations to come. This focus on ""intergenerational equity"" makes Norway a global outlier in economic planning.



Sources

Visit Norway - The Norwegian Right to Roam

Forbes - Friluftsliv: The Nordic Secret to Resilience

UNESCO World Heritage Centre - West Norwegian Fjords

The Guardian - Why Norway’s Trolls are making a comeback

Norges Bank Investment Management - About the Fund

Science Norway - The history of the frozen pizza in Norway

Norway.no - The Midnight Sun and Polar Night

Life in Norway - 10 Norwegian Folklore Creatures

Britannica - Geography and Culture of Norway

World Population Review - Norway Happiness and Human Development",documents\norway_culture_modern_life.docx,2771974cd75b247e0933a4452edae492,norway_culture_modern_life.docx,.docx,documents,4511,714,1774955419,Norway,en
"A Comprehensive Overview of Norway: Nature, Culture, and Economy

Introduction and Geography

Norway, officially the Kingdom of Norway, is a Scandinavian country located in Northern Europe. It occupies the western and northernmost parts of the Scandinavian Peninsula, bordered by Sweden, Finland, and Russia. Known for its dramatic landscapes and high quality of life, Norway's total area covers approximately 385,179 km², of which over 94% is land.

The country is world-famous for its fjords—deep, glacial sea inlets flanked by steep cliffs—and its mountainous terrain, which covers about two-thirds of the mainland. The highest point is Galdhøpiggen, standing at 2,469 meters. Norway also manages some 50,000 offshore islands and the Arctic archipelago of Svalbard, where polar bears are known to outnumber the human population. Visitors from all over the world are drawn to unique natural phenomena like the Northern Lights (Aurora Borealis) in the winter and the ""Midnight Sun"" in the summer, where areas above the Arctic Circle experience 24 hours of daylight.

Society and Quality of Life

Norway consistently ranks as one of the world's happiest countries, often appearing near the top of the World Happiness Report and the UN Human Development Index. This is supported by a robust Nordic welfare model that includes universal healthcare, free higher education, and a strong social safety net.

The population of approximately 5.5 million people is primarily concentrated in urban centers, with the capital, Oslo, serving as the most diverse and populous city. The official language is Norwegian, which is unique for having two distinct written standards: Bokmål (used by the majority) and Nynorsk (based on regional dialects). English proficiency is exceptionally high, with nearly 89% of the population speaking it fluently.

Historical and Cultural Highlights

Viking Heritage: Norway has a deep-rooted seafaring history. The Vikings, famous for their explorations and trade, originated here. Contrary to popular myth, historical evidence shows they did not actually wear horned helmets.

The Invention of Skiing: Skiing is more than a sport in Norway; it is a cultural cornerstone. Rock carvings in northern Norway suggest humans used skis to navigate mountains as far back as 4,000 years ago.

Winter Olympic Dominance: Despite its small population, Norway has won more Winter Olympic medals than any other nation in history, totaling over 368 medals.

The Nobel Peace Prize: While other Nobel Prizes are awarded in Sweden, the Nobel Peace Prize is uniquely awarded annually in Oslo.

Global Contributions: Norway introduced salmon sushi to Japan in the 1980s and gave the world the modern cheese slicer, invented by Thor Bjørklund in 1925.

Economy and Sustainability

Norway is one of the world’s wealthiest nations per capita. Its economy was historically built on fishing and shipping, but it transformed significantly following the discovery of North Sea oil in the late 1960s. Today, it remains a leading exporter of oil and natural gas. Much of this wealth is managed through the Government Pension Fund Global (Sovereign Wealth Fund), one of the largest in the world, intended to ensure long-term prosperity for future generations.

Despite its status as a major petroleum exporter, Norway is a global leader in sustainability:

Renewable Energy: Domestically, nearly 98-99% of Norway's electricity is generated from renewable sources, primarily hydropower.

Electric Vehicles (EVs): Norway has the highest rate of electric vehicle ownership per capita in the world, with EVs often accounting for over 80-90% of new car sales.

Environmental Targets: The government has set ambitious goals to become a low-emissions society by 2050, focusing on carbon capture and the development of offshore wind.

Sources

The Animal Fund - General information about Norway

Nordic Visitor - 10 Cool Facts About Norway

University of Oslo (ISS) - Mini-facts about Norway

Fjord Tours - 25 Fun Facts about Norway

Samfunnskunnskap - Facts about Norway

Life in Norway - 25 Fascinating Facts About Norway

Britannica - Norway | Facts, Geography, & History

Ambassador Cruise Line - 10 interesting facts about Norway

Medium - Ten Weird Things about Norway

International Energy Agency (IEA) - Norway Country Profile

Ember - Norway Electricity Profile",documents\norway_facts.docx,ab4157534cfa3fec97431dcbdf6c3500,norway_facts.docx,.docx,documents,4355,666,1774955419,Norway,en
"Influential Norwegians: From Vikings to Modern Icons 

I. Pioneers of Exploration and Science

Norway’s history is defined by those who ventured into the unknown, starting with the seafaring Vikings and continuing into the modern scientific era.







Leif Erikson

 (c. 970 – c. 1020): Often cited as the first European to set foot on North American soil, nearly 500 years before Christopher Columbus. His voyages to ""Vinland"" (modern-day Newfoundland) are documented in the Icelandic sagas and confirmed by archaeological finds at L’Anse aux Meadows.







Roald Amundsen

 (1872–1928): A legendary polar explorer, Amundsen led the first expedition to reach the South Pole in 1911. He was also the first to traverse the Northwest Passage and the first to definitively reach both the North and South Poles.







Fridtjof Nansen

 (1861–1930): Beyond his famed Arctic expeditions on the ship Fram, Nansen was a Nobel Peace Prize laureate. He is celebrated for his humanitarian work with refugees following World War I, including the creation of the ""Nansen Passport"" for stateless persons.







Niels Henrik Abel

 (1802–1829): Despite his short life, Abel made monumental contributions to mathematics, particularly in the fields of algebra and analysis. The prestigious Abel Prize, often called the ""Nobel of Mathematics,"" is named in his honor. 

Wikipedia +7

II. Masters of Art and Literature

Norway’s cultural ""Golden Age"" in the late 19th century produced some of the world's most enduring artistic works.







Edvard Munch

 (1863–1944): One of the most significant painters in modern art, Munch is best known for ""The Scream"". His work was a cornerstone of Expressionism, focusing on raw human emotions like anxiety, love, and jealousy.







Henrik Ibsen

 (1828–1906): Often called the ""father of modern drama,"" Ibsen is the second most performed playwright in the world after Shakespeare. His plays, such as A Doll’s House and Peer Gynt, revolutionized theater by introducing social realism and challenging contemporary morals.







Edvard Grieg

 (1843–1907): Norway's national composer, Grieg integrated Norwegian folk themes into classical music. His Peer Gynt Suite, featuring ""In the Hall of the Mountain King,"" remains globally iconic.







Sigrid Undset

 (1882–1949): A Nobel Prize laureate in Literature (1928), Undset is famous for her historical trilogy Kristin Lavransdatter, which provided a vivid and deep look at life in medieval Scandinavia. 

Life in Norway +8

III. Modern Icons and Global Leaders

In recent years, Norwegians have continued to dominate the global stage in diplomacy, entertainment, and sports. 







Gro Harlem Brundtland

 (b. 1939): The first female Prime Minister of Norway and former Director-General of the World Health Organization. She is known as the ""mother of sustainable development"" for her work on the Brundtland Report.







Jens Stoltenberg

 (b. 1959): A former Prime Minister of Norway, he has served as the Secretary General of NATO during one of the most critical periods in modern European security.







Magnus Carlsen

 (b. 1990): Widely considered the greatest chess player of all time, Carlsen held the World Chess Championship title for a decade and has achieved the highest FIDE rating in history.







Erling Haaland

 (b. 2000): One of the most famous athletes in the world today, Haaland is a record-breaking striker for Manchester City and the Norwegian national football team, consistently appearing at the top of global popularity charts. 

Life in Norway +4



Sources

Wikipedia - List of Norwegians

Life in Norway - Famous Norwegian People

On This Day - Famous Norwegians in History

Visit Norway - 

Edvard Munch



UpNorway - Famous Norwegian Explorers

Patentstyret - Norwegian Inventors

Evaneos - Travel Norway: Celebrities

Britannica - Norway: People

Wikipedia - 

Henrik Ibsen

Pantheon - Famous People from Norway",documents\norway_famous_norwegians.docx,28060fa03b3f9be8e621b0ea4f5a67cf,norway_famous_norwegians.docx,.docx,documents,3929,586,1774955419,Norway,en
"Fun Facts, Global Firsts, and Proud Moments

I. Global Innovations and ""Firsts""

Norway has a long history of punching above its weight when it comes to innovation and global influence. While many associate the country with raw nature, its intellectual and social contributions are equally significant.

The Invention of the Cheese Slicer: Perhaps the most famous Norwegian export found in kitchens worldwide is the ostevel. Invented by Thor Bjørklund in 1925, he modeled the design after a carpenter’s plane to solve the problem of cutting thin, even slices of hard cheese.

The Aerosol Spray Can: While the concept of pressurized spray existed, it was the Norwegian chemical engineer Erik Rotheim who patented the first aerosol spray can and valve in 1926, a technology that revolutionized everything from medicine to art.

The Modern Paperclip: Although there were several designs for paper fasteners, the Norwegian Johan Vaaler is often credited in national lore with the invention of the paperclip in 1899. During World War II, wearing a paperclip on one’s lapel became a silent symbol of resistance against the Nazi occupation.

Introduction of Salmon Sushi: In a surprising twist of culinary history, Norway is responsible for modern Japanese salmon sushi. In the 1980s, a Norwegian trade delegation (Project Japan) successfully convinced Japanese chefs to use raw Atlantic salmon, which was previously considered unfit for sushi due to parasites in Pacific salmon.

II. Proud Moments in Exploration and Peace

The Norwegian spirit is characterized by a drive for discovery and a commitment to global diplomacy.

Conquering the South Pole: In 1911, Roald Amundsen became the first person to reach the South Pole, beating the British expedition led by Robert Falcon Scott. Amundsen’s success was largely attributed to his willingness to learn from Indigenous Inuit techniques, such as using sled dogs and wearing furs instead of wool.

The Kon-Tiki Expedition: In 1947, Thor Heyerdahl sailed 7,000 kilometers across the Pacific Ocean on a balsa wood raft named Kon-Tiki. He sought to prove that ancient people could have made long sea voyages, creating a moment of global fascination that won an Academy Award for its documentary.

The Nobel Peace Prize: While the other Nobel Prizes are awarded in Stockholm, Alfred Nobel’s will specifically designated that the Peace Prize be awarded in Oslo. This has made Norway a central stage for global reconciliation for over a century.

The 1994 Winter Olympics: Still regarded by many as the ""best Winter Games ever,"" the Lillehammer Olympics showcased Norway’s hospitality and its dominance in winter sports, winning 26 medals on home soil.

III. Quirky Culture and Records

The World’s Longest Road Tunnel: The Lærdal Tunnel stretches for 24.5 kilometers. To prevent driver fatigue and ""tunnel vision,"" engineers installed blue-lit caverns every six kilometers to mimic the appearance of daylight or a sunrise.

A King for a Penguin: Since 1972, the Norwegian King’s Guard has had a mascot at the Edinburgh Zoo—a king penguin named Sir Nils Olav. He holds the rank of Major General and was officially knighted in 2008; he even inspects the guards when they visit Scotland.

The Knighting of a Bridge: In a display of humor and civic pride, a pedestrian bridge in the town of Fredrikstad was once ""knighted"" to celebrate its importance to the local community.

The ""Slow TV"" Phenomenon: Norway pioneered ""Slow TV,"" where the national broadcaster (NRK) airs hours—or even days—of continuous footage, such as a 7-hour train journey from Oslo to Bergen or 134 hours of a cruise ship sailing the coast. It is surprisingly popular, with millions tuning in to watch the scenery pass by.



Sources

Innovation Norway - Norwegian Inventions

NPR - How the Norway Salmon Sushi Trade Began

Fram Museum - Roald Amundsen and the South Pole

Kon-Tiki Museum - The Expedition

The Nobel Prize - Why Oslo?

Guinness World Records - Longest Road Tunnel

Edinburgh Zoo - Sir Nils Olav

The New Yorker - Slow TV in Norway

Fjord Tours - 15 Things You Didn't Know About Norway

Life in Norway - 25 Fascinating Facts",documents\norway_fun_facts.docx,57a948514515431988177858f9ac0f6e,norway_fun_facts.docx,.docx,documents,4148,668,1774955419,Norway,en
"Norway has a long and fascinating history shaped by geography, seafaring, and resilience. 
The earliest inhabitants arrived after the last Ice Age, gradually forming small communities along the coast. 
During the Viking Age, roughly from the late 8th to the 11th century, Norwegians became known as skilled sailors, traders, and explorers. 
They traveled across Europe and even reached North America centuries before Columbus.

In the Middle Ages, Norway was united under a single monarchy and later entered unions with Denmark and Sweden. 
The union with Denmark lasted for over 400 years and had a lasting influence on Norwegian culture, language, and governance. 
In 1814, Norway adopted its own constitution, one of the oldest still in use today, although it remained in union with Sweden until 1905.

After gaining full independence, Norway developed into a modern democratic state. 
The discovery of oil in the North Sea in the late 20th century transformed its economy, making it one of the wealthiest nations in the world today.",documents\norway_history.docx,c0d578bd0653b247e0eb08242dc68ea7,norway_history.docx,.docx,documents,1036,164,1774955419,Norway,en
"Norway: A Historical Overview

Norway has a long and fascinating history shaped by geography, seafaring, and resilience. Its rugged landscape of mountains, fjords, and a long coastline has played a crucial role in how people lived, traveled, and interacted with the outside world. The earliest inhabitants arrived after the last Ice Age, around 10,000 years ago, when the ice began to retreat. These early settlers were hunter-gatherers who followed migrating animals and gradually established small communities along the coast and inland valleys. Over time, they developed farming practices, domesticated animals, and created stable settlements, marking the transition from a nomadic to a more permanent way of life.

As centuries passed, these communities grew and became more organized. By the early Iron Age, local chieftains held power, and society was structured around family ties and regional alliances. The sea was not a barrier but a vital highway, connecting different parts of the country and enabling contact with other regions. This maritime tradition would later become one of Norway’s defining characteristics.

During the Viking Age, roughly from the late 8th to the 11th century, Norwegians became known as skilled sailors, traders, and explorers. Using advanced shipbuilding techniques, they constructed longships that were fast, flexible, and capable of navigating both open seas and shallow rivers. This allowed them to travel widely, reaching the British Isles, Iceland, Greenland, and even North America, where they established a short-lived settlement at Vinland centuries before Christopher Columbus. While Vikings are often associated with raids and warfare, they were also traders and settlers who helped connect distant regions through commerce and cultural exchange.

The Viking Age also played a key role in the unification of Norway. Around the late 9th century, King Harald Fairhair is traditionally credited with uniting various small kingdoms into a single realm after the Battle of Hafrsfjord. Although this unification was not immediate or complete, it marked the beginning of a more centralized form of rule. In the following centuries, Christianity gradually replaced the old Norse religion, especially during the reigns of kings such as Olaf Tryggvason and Olaf Haraldsson (Saint Olaf). The introduction of Christianity connected Norway more closely to the rest of Europe and led to the establishment of churches, monasteries, and new systems of law and governance.

In the Middle Ages, Norway developed as a kingdom with a growing administrative structure. However, the country faced significant challenges, including the Black Death in the mid-14th century, which drastically reduced the population and weakened the economy. This decline made Norway more vulnerable politically, and in 1380 it entered a union with Denmark. The union with Denmark lasted for over 400 years and had a lasting influence on Norwegian culture, language, and governance. During this period, political power was largely centered in Copenhagen, and Norway was often treated as a subordinate partner. Danish became the written language of administration, which later influenced the development of modern Norwegian written forms.

Despite this long union, a sense of Norwegian identity persisted, especially among rural populations who maintained local traditions and ways of life. In the early 19th century, major changes took place as a result of the Napoleonic Wars. Denmark-Norway was on the losing side, and in 1814 Norway was ceded to Sweden. However, before this transfer was completed, Norwegian leaders seized the opportunity to declare independence and drafted a constitution at Eidsvoll. Adopted on May 17, 1814, this constitution is one of the oldest still in use today and established Norway as a constitutional monarchy with principles such as separation of powers and individual rights.

Although Norway was forced into a union with Sweden later that same year, it retained its constitution and a significant degree of internal self-governance. Throughout the 19th century, national movements grew stronger, emphasizing Norwegian culture, language, and independence. This period saw the rise of national romanticism in art, literature, and music, as well as efforts to develop a distinct Norwegian written language separate from Danish influences.

In 1905, after years of political tension and growing national consciousness, the union with Sweden was peacefully dissolved. Norway became fully independent and established itself as a sovereign nation. The early 20th century was a time of nation-building, as the country strengthened its democratic institutions and developed its economy, which was largely based on fishing, agriculture, and shipping.

During World War II, Norway was occupied by Nazi Germany from 1940 to 1945. This period was marked by resistance efforts, hardship, and the strengthening of national unity. After the war, Norway became a founding member of NATO in 1949 and began to build a modern welfare state based on equality, social security, and economic stability.

The discovery of oil in the North Sea in the late 20th century transformed Norway’s economy. Oil revenues were carefully managed through state control and the establishment of the Government Pension Fund Global, ensuring long-term benefits for future generations. Today, Norway is considered one of the wealthiest and most stable countries in the world, known for its high standard of living, strong democratic institutions, and commitment to social welfare and environmental sustainability.


Sources

Encyclopaedia Britannica – History of Norway

Store norske leksikon (snl.no) – Norges historie

Oxford Illustrated History of Scandinavia

Knut Helle et al., 'Aschehougs Norgeshistorie'

The Cambridge History of Scandinavia

Statistics Norway (ssb.no)

Norwegian Government official publications (regjeringen.no)",documents\norway_history_expanded.docx,717cc68f4f416b73e1c8a5bad7f8acc3,norway_history_expanded.docx,.docx,documents,5938,880,1774955419,Norway,en
"Analysis of the Norwegian Population and Social Structure

I. Population Distribution and Urbanization

Norway possesses a unique demographic profile characterized by a relatively small population of approximately 5.5 million people living in a vast, rugged territory. This results in one of the lowest population densities in Europe, with an average of only 14 people per square kilometer. However, this figure is misleading, as the population is not evenly distributed.

Over 82% of Norwegians live in urban areas. The concentration is heaviest in the ""Oslofjord"" region in the southeast. Oslo, the capital, is the primary hub, followed by Bergen on the west coast, Trondheim in the north-central region, and Stavanger in the southwest. Between these hubs lie vast stretches of mountains, plateaus, and forests where human habitation is sparse. This urban concentration is a relatively modern phenomenon, driven by the shift from a rural agrarian and fishing economy to a high-tech service and energy-based economy.

II. Life Expectancy and Public Health

One of the most defining characteristics of the Norwegian population is its longevity. Norway consistently ranks among the top nations for life expectancy, which currently stands at approximately 83.2 years (81.6 for men and 84.9 for women). This high ranking is attributed to several factors:

Universal Healthcare: The state-funded healthcare system ensures that every resident has access to medical services regardless of income.

Lifestyle: The cultural emphasis on friluftsliv (outdoor life) encourages physical activity across all age groups.

Diet: High consumption of fish and omega-3 fatty acids, along with strict food safety regulations, contributes to lower rates of chronic cardiovascular diseases compared to many other Western nations.

III. The Impact of Immigration and Diversity

In recent decades, Norway has transitioned from a largely homogenous society to an increasingly multicultural one. Today, immigrants and Norwegian-born children of immigrant parents make up approximately 19-20% of the total population.

The reasons for this growth are twofold:

Labor Migration: Following the expansion of the EU/EEA, a significant number of workers from Poland and Lithuania moved to Norway to support the construction and service industries.

Refugee Resettlement: Norway has a long tradition of accepting refugees from conflict zones, including Somalia, Syria, and most recently, Ukraine.
This influx has brought cultural diversity to Norwegian cities, influencing everything from the culinary scene (the ""taco Friday"" tradition and kebab shops) to the arts and political discourse.

IV. Education and the Workforce

Norway invests heavily in its ""human capital."" Education is free from primary school through to the university doctoral level. As a result, the population is highly skilled:

Literacy: The literacy rate is effectively 100%.

Higher Education: Over 35% of the population holds a higher education degree, one of the highest rates in the OECD.

Gender Equality: Norway has one of the highest female labor-force participation rates in the world. Generous parental leave policies (often spanning 49–59 weeks) and subsidized childcare make it possible for parents to balance career and family life.

V. The Challenges of an Aging Population

Like much of Europe, Norway faces the ""silver tsunami""—an aging population. While the population is still growing slightly due to immigration, the birth rate among native-born Norwegians has dropped to record lows (around 1.41 children per woman). This creates a future challenge for the Nordic Welfare Model, as a smaller working-age population must support a growing number of retirees. To combat this, the Norwegian government has implemented pension reforms and continues to encourage labor participation among older citizens.



Sources

Statistikk sentralbyrå (SSB) - Population and Housing Census

World Bank - Life Expectancy at Birth: Norway

OECD iLibrary - Education at a Glance: Norway Country Note

Regjeringen.no - Immigrants and Norwegian-born to immigrant parents

Norwegian Institute of Public Health (FHI) - Public Health Report

Norden.org - The Nordic Model and the Welfare State

Britannica - People of Norway

Life in Norway - Population of Norway: A Deep Dive

CIA World Factbook - Norway Demographics

University of Oslo - Demographic Trends in the Nordic Countries





VI. A Century of Transformation (1924–2024)

The last 100 years have seen Norway’s population more than double, growing from approximately 2.7 million in 1924 to over 5.5 million today. This growth was not a single steady climb but rather a series of distinct phases shaped by global events and economic shifts. 

Wikipedia +4

The Post-War Baby Boom (1945–1960s): Following World War II, Norway experienced a significant ""birth surplus"". During the 1950s, the population grew by roughly 1% annually, driven almost entirely by high domestic fertility rates as the country rebuilt.

The Oil Era and Economic Pull (1970s–1990s): The discovery of oil in the late 1960s transformed Norway’s demographic needs. To build this new industry, the country began actively recruiting skilled labor, marking the start of a steady upward trend in population that has remained constant for decades.

From Birth Surplus to Migration Gain (2000s–Present): A historic shift occurred in the early 21st century. While 20th-century growth was driven by births, net migration now accounts for more than two-thirds of annual growth. Population growth peaked in 2011 and 2012, fueled largely by labor migration from the EU and humanitarian arrivals.

A ""100-Year"" Milestone: Reflecting the country’s high standard of living, the number of centenarians (people aged 100 or above) has skyrocketed, reaching an all-time high of over 1,000 individuals in recent years—a massive increase from the record low of just 3 people in 1857. 

Statistisk sentralbyrå +6

Demographic Growth Comparison

Year 

Estimated Population

Growth Driver

1924

~2.7 Million

Natural Increase / Emigration to USA

1960

3.58 Million

Post-War Baby Boom

1980

4.09 Million

Early Oil Industry Expansion

2012

5.0 Million

Peak Immigration (Milestone Reached)

2024

5.57 Million

International Migration



Additional Sources

SSB - Population changes in the municipalities 1951-2011

Statista - Population of Norway 1769-2020

Worlddata.info - Population growth in Norway since 1960

Macrotrends - Norway Population 1950-2025

CEIC Data - Norway Population: 100 Y",documents\norway_population.docx,1e57d511130d613988b46632c88eea2d,norway_population.docx,.docx,documents,6542,968,1774955419,Norway,en
"Must-Visit Sites and Iconic Landmarks in Norway

I. Urban Wonders and Architectural Landmarks

While Norway is famous for its nature, its cities offer a blend of cutting-edge modern design and deep historical roots.

The Oslo Opera House: Located on the waterfront in the capital, this marble and glass masterpiece is designed to look like a glacier rising from the fjord. Its unique sloping roof allows visitors to walk from the ground level all the way to the top for panoramic views of the city.

Bryggen in Bergen: This UNESCO World Heritage site consists of a series of colorful Hanseatic commercial buildings lining the eastern side of the Vågen harbor. These wooden structures have survived numerous fires over centuries and represent the city's history as a major European trading hub.

Nidaros Cathedral, Trondheim: Built over the burial site of Saint Olav, the patron saint of Norway, this is the world's northernmost medieval cathedral. It is an architectural marvel of Romanesque and Gothic styles and remains the traditional location for the consecration of Norwegian kings.

The Vigeland Sculpture Park: Located within Frogner Park in Oslo, this is the world's largest sculpture park made by a single artist, Gustav Vigeland. It features over 200 sculptures in bronze, granite, and cast iron, including the famous ""Angry Boy"" and the towering Monolith.

II. Breathtaking Natural Viewpoints

For those seeking the dramatic ""postcard"" views of Norway, these locations are world-renowned for their vertical drops and glacial beauty.

Preikestolen (The Pulpit Rock): A massive cliff that rises 604 meters above the Lysefjord. The top of the cliff is almost perfectly flat, creating a natural viewing platform that attracts hundreds of thousands of hikers every year.

Trolltunga (The Troll’s Tongue): One of the most spectacular scenic cliffs in Norway, it hovers 700 meters above Lake Ringedalsvatnet. The hike is challenging (usually 10–12 hours), but the reward is a photograph on the thin ""tongue"" of rock jutting out into the air.

Geirangerfjord: Often called the ""Jewel of the Fjords,"" this UNESCO-protected site features deep blue water, snow-capped mountains, and the famous ""Seven Sisters"" waterfalls that plunge down nearly vertical mountainsides.

III. The Arctic North and Island Paradises

The northern half of Norway offers a different, more rugged beauty, defined by jagged peaks and white sand beaches.

The Lofoten Islands: Known for its distinctive ""Lofoten Wall"" of mountains rising directly from the sea, this archipelago is famous for its red fisherman’s cabins (rorbuer), world-class surfing (even in the Arctic), and the chance to see the Northern Lights.

The Atlantic Ocean Road: Often cited as one of the world's most beautiful drives, this 8.3-kilometer stretch of road hops across islands and reefs with eight bridges, including the famous Storseisundet Bridge that seems to ""vanish"" into the sky.

The North Cape (Nordkapp): Located at 71° North, this is often considered the northernmost point of mainland Europe. It features a massive 307-meter high cliff overlooking the Barents Sea, where the Atlantic and Arctic oceans meet.



Sources

Visit Norway - Top 10 Places to Visit

UNESCO World Heritage Centre - Bryggen

Fjord Norway - The Most Famous Hiking Destinations

Lonely Planet - Best Places to Visit in Norway

National Geographic - The Lofoten Islands

Nidaros Cathedral Official Site - History and Architecture

Oslo Opera House - Architectural Overview

Vigeland Park - The Sculptures and Artist

Statens Vegvesen - National Tourist Routes: Atlantic Road

Britannica - Geirangerfjord Geography",documents\norway_sites_to_visit.docx,f2adb1060b3fd74f612c1d3532dad64f,norway_sites_to_visit.docx,.docx,documents,3646,563,1774955419,Norway,en
